-- phpMyAdmin SQL Dump
-- version 4.1.7
-- http://www.phpmyadmin.net
--
-- Host: localhost
-- Generation Time: Mag 11, 2020 alle 17:31
-- Versione del server: 5.6.33-log
-- PHP Version: 5.3.10

SET SQL_MODE = "NO_AUTO_VALUE_ON_ZERO";
SET time_zone = "+00:00";


/*!40101 SET @OLD_CHARACTER_SET_CLIENT=@@CHARACTER_SET_CLIENT */;
/*!40101 SET @OLD_CHARACTER_SET_RESULTS=@@CHARACTER_SET_RESULTS */;
/*!40101 SET @OLD_COLLATION_CONNECTION=@@COLLATION_CONNECTION */;
/*!40101 SET NAMES utf8 */;

--
-- Database: `my_iscrizioneforumbuzzi`
--

-- --------------------------------------------------------

--
-- Struttura della tabella `forum`
--

CREATE TABLE IF NOT EXISTS `forum` (
  `id` int(11) NOT NULL,
  `nome` varchar(50) DEFAULT NULL,
  `classe` varchar(20) DEFAULT NULL,
  `handlers` varchar(50) DEFAULT NULL,
  `data` varchar(30) DEFAULT NULL,
  `ora` varchar(30) DEFAULT NULL,
  `portata` int(11) NOT NULL,
  PRIMARY KEY (`id`)
) ENGINE=MyISAM DEFAULT CHARSET=latin1;

--
-- Dump dei dati per la tabella `forum`
--

INSERT INTO `forum` (`id`, `nome`, `classe`, `handlers`, `data`, `ora`, `portata`) VALUES
(2, 'esposizione dei Motorini', 'Parcheggio', 'Alessandro Tasselli', 'venerdi'' 6 marzo', '9 - 13', 400),
(4, 'Lezione sullo Spazio e sul Tempo', 'T19', 'Prof. Casarosa', 'venerdi'' 6 marzo', '10-11:30 ', 80),
(5, 'orizzonte ecologia: sul Cambiamento Climatico', 'T33', 'Giacomelli e Angelozzi', 'venerdi'' 6 marzo', '9:00 - 13:00', 30),
(6, 'La questione femminile', 'T34', 'Irene ed Eleonora', 'venerdi'' 6 marzo', '9:00 - 13:00', 30),
(7, 'viaggio alla scoperta deI misteri della Colombia', 'T31', 'Enrico Zanieri', 'venerdi'' 6 marzo', '9:00 - 13:00', 30),
(8, 'il calcio: la Storia Sociale, Politica ed Epica', 'T30', 'Edoardo Molinelli', 'venerdi'' 6 marzo', '11:00-13:00', 30),
(9, 'Lezione sul Medio Oriente', 'T19', 'Davide Casarosa', 'venerdi'' 6 marzo', '11:30-13', 80),
(10, 'torneo di videogiochi Super Smash Bros', 'T25 - T26', 'Diego', 'Entrambi', '9-13', 30),
(11, 'torneo di videogiochi L.O.L.', 'S42-S43', 'Daniele - Silviu', 'Entrambi', '9-13', 40),
(12, 'torneo di videogiochi Mortal Kombat', 'S42-S43', 'Colzi', 'Entrambi', '9-13', 30),
(13, 'Lezione Teatro', 'T17', 'Prof. Porciatti', 'Entrambi', '9-10', 30),
(15, 'Prato dal Cielo esposizione e volo droni', 'T19+Giardino', 'Claudio Maddalena', 'sabato 7 marzo', '9-12', 80),
(16, 'Sfilata di moda', 'Giardino', 'Steve e Ciardi', 'sabato 7 marzo', '9-10:30', 30),
(19, 'It''s Tullio Show (Buzzi''s Got Talent)', 'Palestra', 'Carollo', 'sabato 7 marzo', '9-12', 400),
(20, 'CineForum sul film Parasite', 'T44', 'Panza e Silano', 'sabato 7 marzo', '9:00 - 13:00', 30),
(21, 'dibattito sul tema BREXIT', 'T30', 'Francesco e Antonio', 'sabato 7 marzo', '9:00 - 13:00', 30),
(23, 'giochi da tavolo Luddissea 42', 'NONE', 'Ludissea 42', 'sabato 7 marzo', '8:30 - 13', 40),
(1, 'lezione sulla musica classica', 'T17', 'Prof. Masi', 'venerdi'' 6 marzo', '11-13', 30),
(24, 'Gara di outfit', 'Giardino', 'Steve', 'sabato 7 marzo', '9-10:30', 30),
(25, 'Torneo Just Dance ', 'T39', 'Landi', 'Venerdi'' 6 marzo', '9-13', 30);

-- --------------------------------------------------------

--
-- Struttura della tabella `iscrizione`
--

CREATE TABLE IF NOT EXISTS `iscrizione` (
  `nome_alunno` varchar(32) NOT NULL DEFAULT '',
  `cognome_alunno` varchar(32) NOT NULL DEFAULT '',
  `id_forum` int(11) NOT NULL DEFAULT '0',
  `data_scelta` varchar(30) NOT NULL DEFAULT '',
  PRIMARY KEY (`nome_alunno`,`cognome_alunno`,`id_forum`,`data_scelta`),
  KEY `nome_alunno` (`nome_alunno`,`cognome_alunno`),
  KEY `id_forum` (`id_forum`)
) ENGINE=MyISAM DEFAULT CHARSET=latin1;

--
-- Dump dei dati per la tabella `iscrizione`
--

INSERT INTO `iscrizione` (`nome_alunno`, `cognome_alunno`, `id_forum`, `data_scelta`) VALUES
('ADELIN', 'ZAMFIROIU', 19, ''),
('ALBERTO', 'CROCCO ', 19, ''),
('ALBERTO', 'FINI', 11, 'venerdi 6 marzo'),
('ALBERTO', 'TARGIONI', 10, 'sabato 7 marzo'),
('ALBERTO', 'TARGIONI', 10, 'venerdi 6 marzo'),
('ALESSANDRO', 'CANGIOLI', 11, 'venerdi 6 marzo'),
('ALESSANDRO ', 'GIORGETTI ', 10, 'sabato 7 marzo'),
('ALESSANDRO ', 'GIORGETTI ', 10, 'venerdi 6 marzo'),
('ALESSANDRO', 'ROJAS', 10, 'sabato 7 marzo'),
('ALESSANDRO', 'SARTI', 12, 'venerdi 6 marzo'),
('ALESSIA', 'GUARNIERI', 19, ''),
('ALESSIA', 'MAZZANTI', 19, ''),
('ALESSIA', 'MORELLI', 16, ''),
('ALESSIA', 'MORELLI', 19, ''),
('ALESSIA ', 'NENCINI ', 19, ''),
('ALESSIA', 'TESCO', 19, ''),
('ALESSIO', 'FETAHU', 11, 'venerdi 6 marzo'),
('ALESSIO', 'MAIANI', 11, 'venerdi 6 marzo'),
('ALICE', 'MASSARO', 2, ''),
('ALICE', 'MASSARO', 19, ''),
('ANDREA', 'BIANCONI', 19, ''),
('ANDREA', 'BUCCI', 19, ''),
('ANDREA', 'MASINI', 4, ''),
('ANDREA', 'MASINI', 11, 'sabato 7 marzo'),
('ANDREA', 'MASINI', 19, ''),
('ANDREA', 'TEMPESTI', 1, ''),
('ANDREA', 'TEMPESTI', 4, ''),
('ANDREA', 'TEMPESTI', 5, ''),
('ANDREA', 'TEMPESTI', 6, ''),
('ANDREA', 'TEMPESTI', 7, ''),
('ANDREA', 'TEMPESTI', 8, ''),
('ANDREA', 'TEMPESTI', 9, ''),
('ANDREA', 'TEMPESTI', 10, 'sabato 7 marzo'),
('ANDREA', 'TEMPESTI', 11, 'sabato 7 marzo'),
('ANDREA', 'TEMPESTI', 13, 'sabato 7 marzo'),
('ANDREA', 'TEMPESTI', 13, 'venerdi 6 marzo'),
('ANDREA', 'TEMPESTI', 15, ''),
('ANDREA', 'TEMPESTI', 19, ''),
('ANDREA', 'TEMPESTI', 20, ''),
('ANDREA', 'TEMPESTI', 21, ''),
('ANDREA', 'TEMPESTI', 23, ''),
('ANDREA', 'TEMPESTI', 24, ''),
('ANDREA', 'TEMPESTI', 25, ''),
('ANDREA', 'VANNINI', 10, 'venerdi 6 marzo'),
('ANDREA', 'YE', 11, 'sabato 7 marzo'),
('ANDREA', 'YE', 11, 'venerdi 6 marzo'),
('ANGELO', 'VERDONE', 10, 'sabato 7 marzo'),
('ANGELO', 'VERDONE', 10, 'venerdi 6 marzo'),
('ANNA', 'GANUGI', 4, ''),
('ANNA', 'GANUGI', 19, ''),
('ANNA', 'GANUGI', 24, ''),
('ANTONIO', 'POLITO', 19, ''),
('ARIANNA', 'MASI', 19, ''),
('AZZURRA', 'GUASTI', 4, ''),
('AZZURRA', 'GUASTI ', 19, ''),
('BRANDO ', 'FERRETTI ', 2, ''),
('BRANDO ', 'FERRETTI ', 15, ''),
('BRUNO', 'SACCENTI', 10, 'venerdi 6 marzo'),
('CAMILLA', 'PIETRAPERZIA ', 19, ''),
('CARLO ', 'ANCILLOTTI ', 16, ''),
('CARLO', 'SPADONI', 15, ''),
('CARLO', 'SPADONI', 19, ''),
('CAROLINA ', 'PELAGATTI ', 19, ''),
('CATERINA', 'PIEROZZI', 16, ''),
('CATERINA', 'PIEROZZI', 19, ''),
('CHIARA', 'BITI', 19, ''),
('CHIARA', 'FERRONI', 19, ''),
('CHRISTIAN', 'DAUPLO', 11, 'venerdi 6 marzo'),
('CHRISTIAN', 'DI', 4, ''),
('CHRISTIAN', 'DI', 9, ''),
('CHRISTIAN ', 'GOMITOLI', 2, ''),
('CHRISTIAN ', 'GOMITOLI', 19, ''),
('CHRISTIAN ', 'GOMITOLI', 24, ''),
('CLARISSA', 'AGOSTINI', 2, ''),
('CLARISSA', 'AGOSTINI', 16, ''),
('CLARISSA', 'AGOSTINI', 19, ''),
('CLARISSA', 'AGOSTINI', 24, ''),
('CLARISSA', 'AGOSTINI', 25, ''),
('CLARISSA', 'MARCHETTI', 2, ''),
('CLARISSA', 'MARCHETTI', 19, ''),
('CLARISSA', 'MARCHETTI', 24, ''),
('CLARISSA', 'MARCHETTI', 25, ''),
('CLAUDIO', 'MENABOI', 10, 'sabato 7 marzo'),
('CLAUDIO', 'MENABOI', 11, 'venerdi 6 marzo'),
('COSIMO', 'BONCINELLI', 11, 'venerdi 6 marzo'),
('CRISTIAN', 'POLISI', 12, 'venerdi 6 marzo'),
('DANIEL', 'CRESCIOLI', 10, 'sabato 7 marzo'),
('DANIELE', 'CARIFI', 12, 'venerdi 6 marzo'),
('DANIELE', 'FALLACI', 10, 'venerdi 6 marzo'),
('DANIELE', 'VURRO', 6, ''),
('DANIELE', 'VURRO', 19, ''),
('DANIELE', 'VURRO', 24, ''),
('DANIELE', 'VURRO', 25, ''),
('DANTE', 'CASAGLIA', 10, 'venerdi 6 marzo'),
('DARIO', 'DI BLASIO', 10, 'venerdi 6 marzo'),
('DARIO', 'DI BLASIO', 12, 'venerdi 6 marzo'),
('DAVIDE', 'HU', 11, 'venerdi 6 marzo'),
('DIEGO', 'SPISSU', 19, ''),
('DIEGO', 'ZEOLLA', 10, 'sabato 7 marzo'),
('DIEGO', 'ZEOLLA', 10, 'venerdi 6 marzo'),
('DILETTA', 'PARAZZA', 11, 'venerdi 6 marzo'),
('DYLAN DOUGLAS', 'MARTINESE', 10, 'sabato 7 marzo'),
('DYLAN DOUGLAS', 'MARTINESE', 11, 'venerdi 6 marzo'),
('EDOARDO', 'BARTOLINI', 10, 'sabato 7 marzo'),
('EDOARDO', 'VERONI', 10, 'sabato 7 marzo'),
('ELEONORA', 'CORSI', 19, ''),
('ELEONORA', 'PECORARI ', 2, ''),
('ELEONORA', 'PECORARI ', 19, ''),
('ELEONORA', 'QUERCI', 19, ''),
('ELIA', 'GALLENI', 12, 'sabato 7 marzo'),
('ELIA', 'GALLENI', 12, 'venerdi 6 marzo'),
('ELISA', 'GALLEJA', 6, ''),
('ELISA', 'GALLEJA', 19, ''),
('ELISA', 'PERLINI', 19, ''),
('EMANUELE', 'MORETTI', 4, ''),
('EMANUELE', 'MORETTI', 19, ''),
('EMMA', 'MARTINASSO', 19, ''),
('ENRICO', 'BOLOGNESI', 10, 'sabato 7 marzo'),
('ENRICO', 'BOLOGNESI', 10, 'venerdi 6 marzo'),
('ENRICO', 'VALENTE', 11, 'venerdi 6 marzo'),
('ERIKA', 'ZINGALES', 4, ''),
('ETTORE ', 'MATTIOLI ', 2, ''),
('ETTORE ', 'MATTIOLI ', 4, ''),
('ETTORE', 'MUNGAI', 19, ''),
('FABIO', 'PAOLETTI', 19, ''),
('FEDERICO', 'BALDI', 2, ''),
('FEDERICO', 'BALDI', 24, ''),
('FEDERICO', 'BONDI ', 9, ''),
('FEDERICO', 'MANGANELLO', 2, ''),
('FEDERICO', 'MANGANELLO', 4, ''),
('FEDERICO', 'MANGANELLO', 19, ''),
('FEDERICO ', 'SIMONCINI ', 2, ''),
('FEDERICO ', 'SIMONCINI ', 25, ''),
('FEDERICO', 'VORIA', 10, 'sabato 7 marzo'),
('FEDERICO', 'VORIA', 10, 'venerdi 6 marzo'),
('FEDERICO', 'ZANNELLI', 19, ''),
('FILIPPO ', 'BARBIERI ', 4, ''),
('FILIPPO', 'CONSORTI', 19, ''),
('FILIPPO', 'MONTAGNI', 4, ''),
('FILIPPO', 'MONTAGNI', 19, ''),
('FILIPPO', 'MONTAGNI', 21, ''),
('FILIPPO', 'MONTAGNI', 23, ''),
('FILIPPO', 'MONTAGNI', 24, ''),
('FILIPPO', 'MONTAGNI', 25, ''),
('FLAVIO', 'DIPAOLA', 2, ''),
('FRANCESCO', 'BATTISTONI', 2, ''),
('FRANCESCO', 'BATTISTONI', 15, ''),
('FRANCESCO', 'BATTISTONI', 19, ''),
('FRANCESCO', 'CAPPELLI', 4, ''),
('FRANCESCO', 'CAPPELLI', 19, ''),
('FRANCESCO', 'CAPPELLINI', 4, ''),
('FRANCESCO', 'LANGIANNI', 2, ''),
('FRANCESCO', 'LANGIANNI', 4, ''),
('FRANCESCO', 'LANGIANNI', 8, ''),
('FRANCESCO', 'LANGIANNI', 15, ''),
('FRANCESCO', 'LANGIANNI', 19, ''),
('FRANCESCO', 'MARTINI', 3, ''),
('FRANCESCO', 'MONARDO', 2, ''),
('FRANCESCO', 'MONARDO', 10, 'sabato 7 marzo'),
('FRANCESCO', 'MONARDO', 12, 'sabato 7 marzo'),
('FRANCESCO', 'MONARDO', 12, 'venerdi 6 marzo'),
('FRANCESCO', 'PALAZZO', 10, 'sabato 7 marzo'),
('FRANCESCO', 'PALAZZO', 10, 'venerdi 6 marzo'),
('FRANCESCO', 'PERNA', 16, ''),
('FRANCESCO', 'PERNA', 19, ''),
('FRANCESCO', 'PERNA', 25, ''),
('FRANCESCO', 'RINELI', 19, ''),
('FRANCESCO', 'RUDALLI', 19, ''),
('FRANCESCO', 'RUDALLI', 24, ''),
('FRANCESCO', 'RUDALLI', 25, ''),
('FRANCESCO', 'TABACCHINI', 10, 'venerdi 6 marzo'),
('FRANCO', 'HUANG', 2, ''),
('FRANCO', 'HUANG', 11, 'sabato 7 marzo'),
('GABRIELE', 'FALCONE', 10, 'sabato 7 marzo'),
('GABRIELE', 'FALCONE', 10, 'venerdi 6 marzo'),
('GABRIELE', 'FALCONE', 12, 'venerdi 6 marzo'),
('GABRIELE', 'ROSSI ', 11, 'venerdi 6 marzo'),
('GABRIELE', 'SQUILLONI', 4, ''),
('GABRIELE', 'SQUILLONI', 19, ''),
('GABRIELE', 'VACCAI', 4, ''),
('GABRIELE', 'VACCAI', 19, ''),
('GAIA', 'CANNITO', 19, ''),
('GAIA', 'CANNITO', 24, ''),
('GAIA', 'CANNITO', 25, ''),
('GEMMA', 'ALLEGRI', 19, ''),
('GIACOMO', 'MELILLO', 2, ''),
('GIACOMO', 'MELILLO', 19, ''),
('GIACOMO', 'MELILLO', 24, ''),
('GIADA', 'GRASSI', 2, ''),
('GIADA', 'GRASSI', 5, ''),
('GIADA', 'GRASSI', 6, ''),
('GIADA', 'GRASSI', 15, ''),
('GIADA', 'GRASSI', 16, ''),
('GIADA', 'GRASSI', 19, ''),
('GIADA', 'PESTELLI', 19, ''),
('GIANLUCA', 'CHIARINI', 5, ''),
('GIANLUCA', 'RISTORI', 10, 'sabato 7 marzo'),
('GIANLUCA', 'RISTORI', 10, 'venerdi 6 marzo'),
('GINEVRA', 'NANNI', 16, ''),
('GINEVRA', 'NANNI', 19, ''),
('GINEVRA', 'NANNI', 25, ''),
('GIOELE', 'SIMONI', 16, ''),
('GIOELE', 'SIMONI', 19, ''),
('GIOELE', 'SIMONI', 24, ''),
('GIORGIA ', 'ADDEZIO', 2, ''),
('GIORGIA ', 'ADDEZIO', 16, ''),
('GIORGIA ', 'ADDEZIO', 19, ''),
('GIORGIA ', 'ADDEZIO', 24, ''),
('GIORGIA ', 'ADDEZIO', 25, ''),
('GIORGIO', 'LABATE', 11, 'venerdi 6 marzo'),
('GIOVANNI', 'CARDINI', 11, 'venerdi 6 marzo'),
('GIULIA', 'GORINI', 2, ''),
('GIULIA', 'GORINI', 16, ''),
('GIULIA', 'GORINI', 19, ''),
('GIULIA', 'GORINI', 24, ''),
('GIULIA', 'GORINI', 25, ''),
('GIULIA', 'MIEDICO', 4, ''),
('GIULIA', 'MIEDICO', 19, ''),
('GIULIO', 'CATARZI', 2, ''),
('GIULIO', 'CATARZI', 19, ''),
('GIULIO ', 'GEMIGNANI ', 19, ''),
('GIULIO', 'ZACCAGNINI', 10, 'venerdi 6 marzo'),
('GREGORIO', 'PARRETTI', 11, 'venerdi 6 marzo'),
('GREGORIO', 'PICCHIO', 2, ''),
('GRETA', 'CARELLI', 19, ''),
('ILARIA', 'IOJA', 2, ''),
('ILARIA', 'IOJA', 4, ''),
('ILARIA', 'IOJA', 9, ''),
('ILARIA', 'IOJA', 16, ''),
('ILARIA', 'IOJA', 19, ''),
('IVAN', 'RUBIA', 10, 'venerdi 6 marzo'),
('IVAN', 'RUBIA', 12, 'venerdi 6 marzo'),
('JACOPO', 'BARTOLINI', 2, ''),
('JACOPO', 'FIASCHI', 11, 'venerdi 6 marzo'),
('JACOPO', 'MINI', 2, ''),
('JACOPO', 'TOMBERLI ', 19, ''),
('KIARA', 'DURO', 16, ''),
('KJARA', 'DURO', 6, ''),
('LAPO', 'ARRIGHETTI', 1, ''),
('LAPO', 'ARRIGHETTI', 2, ''),
('LAPO', 'ARRIGHETTI', 4, ''),
('LAPO', 'ARRIGHETTI', 5, ''),
('LAPO', 'ARRIGHETTI', 15, ''),
('LAPO', 'ARRIGHETTI', 19, ''),
('LAPO', 'ARRIGHETTI', 21, ''),
('LAPO', 'ARRIGHETTI', 24, ''),
('LAPO', 'ARRIGHETTI', 25, ''),
('LAPO', 'BORCHI', 2, ''),
('LAPO', 'BORCHI', 9, ''),
('LAPO', 'BORCHI', 19, ''),
('LAPO', 'LAZZERI ', 19, ''),
('LAPO', 'NUNZIATI', 2, ''),
('LAPO', 'NUNZIATI', 4, ''),
('LAPO', 'NUNZIATI', 15, ''),
('LAPO', 'NUNZIATI', 19, ''),
('LAPO', 'TRAVERSI', 4, ''),
('LAPO', 'TRAVERSI', 19, ''),
('LAURA', 'BONCOMPAGNI', 19, ''),
('LEANDRO ', 'GOLI', 16, ''),
('LEONARDO', 'BORSI ', 19, ''),
('LEONARDO ', 'CAVICCHI', 19, ''),
('LEONARDO', 'FIESOLI', 11, 'sabato 7 marzo'),
('LEONARDO', 'FIESOLI', 11, 'venerdi 6 marzo'),
('LEONARDO ', 'FONTANA', 12, 'venerdi 6 marzo'),
('LEONARDO ', 'FONTANA', 13, 'sabato 7 marzo'),
('LEONARDO', 'FONTANA', 19, ''),
('LEONARDO', 'MARVATAJ', 2, ''),
('LEONARDO', 'MARVATAJ', 19, ''),
('LEONARDO', 'SALI', 2, ''),
('LEONARDO', 'SALI', 4, ''),
('LEONARDO', 'SALI', 19, ''),
('LEONARDO ', 'STORAI', 2, ''),
('LEONARDO ', 'STORAI', 19, ''),
('LEONARDO', 'TASSI', 12, 'sabato 7 marzo'),
('LEONARDO', 'TASSI', 12, 'venerdi 6 marzo'),
('LEONARDO', 'VAIANI', 19, ''),
('LISA', 'FORLENZA ', 19, ''),
('LORENZO', 'BATTELLI', 19, ''),
('LORENZO', 'BECCHI', 1, ''),
('LORENZO', 'BECHINI', 11, 'sabato 7 marzo'),
('LORENZO ', 'BECHINI ', 11, 'venerdi 6 marzo'),
('LORENZO ', 'BECHINI ', 16, ''),
('LORENZO', 'BELLINA', 4, ''),
('LORENZO ', 'CAPPERUCCI ', 4, ''),
('LORENZO ', 'COLOMBANI ', 4, ''),
('LORENZO ', 'COLOMBANI ', 19, ''),
('LORENZO', 'FALLANI', 11, 'sabato 7 marzo'),
('LORENZO ', 'GIORGETTI', 2, ''),
('LORENZO ', 'GIORGETTI', 5, ''),
('LORENZO ', 'GIORGETTI', 6, ''),
('LORENZO ', 'GIORGETTI', 15, ''),
('LORENZO', 'GIORGETTI', 16, ''),
('LORENZO', 'GIORGETTI', 19, ''),
('LORENZO', 'GIORGETTI', 24, ''),
('LORENZO', 'GIORGETTI', 25, ''),
('LORENZO ', 'MALVINI ', 19, ''),
('LORENZO', 'MARINO', 11, 'venerdi 6 marzo'),
('LORENZO', 'MOLINARO', 2, ''),
('LORENZO', 'PAPINI', 19, ''),
('LORENZO', 'PIERACCINI', 4, ''),
('LORENZO', 'PIERACCINI', 9, ''),
('LORENZO', 'RISALITI', 19, ''),
('LORENZO', 'RUBIA', 10, 'venerdi 6 marzo'),
('LORENZO', 'RUBIA', 12, 'sabato 7 marzo'),
('LORENZO ', 'SAUER', 2, ''),
('LORENZO ', 'SAUER', 5, ''),
('LORENZO ', 'SAUER', 8, ''),
('LORENZO ', 'SAUER', 16, ''),
('LORENZO ', 'SAUER', 19, ''),
('LORENZO', 'SIGNORI', 10, 'sabato 7 marzo'),
('LORENZO', 'SIGNORI', 12, 'sabato 7 marzo'),
('LORENZO', 'SIGNORI', 12, 'venerdi 6 marzo'),
('LORENZO', 'TOFANI', 10, 'sabato 7 marzo'),
('LORENZO', 'TOFANI', 10, 'venerdi 6 marzo'),
('LORENZO', 'TOSONI', 16, ''),
('LORENZO', 'TOSONI', 19, ''),
('LORENZO ', 'TRALLORI ', 19, ''),
('LORENZO', 'ULIVAGNOLI', 19, ''),
('LOUIS', 'ZHANG', 11, 'venerdi 6 marzo'),
('LUCA', 'CASTAGNOLI', 1, ''),
('LUCA', 'CASTAGNOLI', 2, ''),
('LUCA', 'CASTAGNOLI', 16, ''),
('LUCA', 'DEMARON', 4, ''),
('LUCA', 'HU', 11, 'venerdi 6 marzo'),
('LUCA', 'MASSENZIO', 10, 'sabato 7 marzo'),
('LUCA', 'MASSENZIO', 10, 'venerdi 6 marzo'),
('LUDOVICO ', 'VIERI ', 19, ''),
('MANUEL', 'D''AVOSSA', 4, ''),
('MANUEL', 'D''AVOSSA', 7, ''),
('MANUEL', 'D''AVOSSA', 9, ''),
('MANUEL', 'D''AVOSSA', 15, ''),
('MANUEL', 'D''AVOSSA', 16, ''),
('MANUEL', 'D''AVOSSA', 19, ''),
('MARCO ', 'FORTUNATO ', 19, ''),
('MARCO', 'GALGANI', 13, 'sabato 7 marzo'),
('MARCO', 'GALGANI', 13, 'venerdi 6 marzo'),
('MARCO', 'GIOVANNINI', 19, ''),
('MARCO', 'GIOVANNINI', 24, ''),
('MARCO', 'GIOVANNINI', 25, ''),
('MARCO', 'LASCIALFARI', 2, ''),
('MARCO', 'LASCIALFARI', 15, ''),
('MARCO', 'LASCIALFARI', 19, ''),
('MARCO', 'MOROZZI', 4, ''),
('MARCO', 'ROSSI', 11, 'venerdi 6 marzo'),
('MARTA', 'MAROSO', 19, ''),
('MARTINA', 'CHECHI', 19, ''),
('MARTINA', 'MUGNAIONI', 4, ''),
('MARTINA', 'MUGNAIONI', 19, ''),
('MARTINA', 'PESAVENTO', 2, ''),
('MATILDA', 'CASINI', 19, ''),
('MATILDE', 'GUARDUCCI', 4, ''),
('MATILDE', 'GUARDUCCI', 6, ''),
('MATILDE', 'GUARDUCCI', 9, ''),
('MATILDE', 'GUARDUCCI', 13, 'venerdi 6 marzo'),
('MATILDE', 'GUARDUCCI', 16, ''),
('MATILDE', 'GUARDUCCI', 19, ''),
('MATILDE', 'GUARDUCCI', 25, ''),
('MATILDE', 'PETRUCCI', 4, ''),
('MATILDE', 'PETRUCCI', 19, ''),
('MATTEO', 'ANTONAZZO', 11, 'sabato 7 marzo'),
('MATTEO', 'ANTONAZZO', 11, 'venerdi 6 marzo'),
('MATTEO', 'BINI', 2, ''),
('MATTEO', 'BINI', 4, ''),
('MATTEO ', 'BINI', 13, 'venerdi 6 marzo'),
('MATTEO ', 'BINI', 15, ''),
('MATTEO', 'BINI', 16, ''),
('MATTEO', 'BINI', 19, ''),
('MATTEO', 'BINI', 23, ''),
('MATTEO', 'DONATI', 2, ''),
('MATTEO', 'DONATI', 15, ''),
('MATTEO', 'DONATI', 19, ''),
('MATTEO', 'FRANCIONI', 10, 'venerdi 6 marzo'),
('MATTEO', 'GELLI', 19, ''),
('MATTEO', 'GIUSEPUCCI', 19, ''),
('MATTEO', 'JIANG', 11, 'sabato 7 marzo'),
('MATTEO', 'JIANG', 11, 'venerdi 6 marzo'),
('MATTEO', 'LOMBARDI', 11, 'sabato 7 marzo'),
('MATTEO', 'LOMBARDI', 11, 'venerdi 6 marzo'),
('MATTEO', 'LOMBARDI', 15, ''),
('MATTEO', 'MEOZZI', 19, ''),
('MATTEO', 'MEOZZI', 24, ''),
('MATTEO', 'MEOZZI', 25, ''),
('MATTEO', 'POLONIA', 11, 'sabato 7 marzo'),
('MATTEO', 'POLONIA', 11, 'venerdi 6 marzo'),
('MATTEO', 'SEVERINO', 10, 'sabato 7 marzo'),
('MATTEO', 'SEVERINO', 10, 'venerdi 6 marzo'),
('MATTEO', 'TRIVIGNO', 2, ''),
('MATTEO', 'TRIVIGNO', 10, 'venerdi 6 marzo'),
('MATTEO', 'TRIVIGNO', 19, ''),
('MATTEO', 'TRIVIGNO', 20, ''),
('MATTEO', 'VILLORESI', 4, ''),
('MATTEO', 'VILLORESI', 19, ''),
('MATTIA MARIO ', 'FRATINI', 11, 'sabato 7 marzo'),
('MATTIA MARIO ', 'FRATINI', 11, 'venerdi 6 marzo'),
('MICHELE ', 'CANTALUPO ', 1, ''),
('MICHELE ', 'CANTALUPO ', 4, ''),
('MICHELE ', 'CANTALUPO ', 9, ''),
('MICHELE ', 'CANTALUPO ', 19, ''),
('MINA', 'YU', 6, ''),
('MINA', 'YU', 19, ''),
('MIRCO', 'BOCHICCHIO', 4, ''),
('MIRCO', 'BOCHICCHIO', 9, ''),
('MIRKO', 'FATTIBENE', 4, ''),
('MIRKO', 'FATTIBENE', 5, ''),
('NARCIS', 'NEAMTU', 11, 'venerdi 6 marzo'),
('NARCIS', 'NEAMTU', 15, ''),
('NARCIS', 'NEAMTU', 19, ''),
('NICCOLò ', 'LOMBARDI', 19, ''),
('NICCOLò', 'SOLDI', 2, ''),
('NICCOLò', 'SOLDI ', 6, ''),
('NICCOLò', 'SOLDI', 15, ''),
('NICCOLò', 'SOLDI', 16, ''),
('NICCOLò', 'SOLDI', 19, ''),
('NICCOLò', 'TOSI', 2, ''),
('NICCOLò', 'TOSI', 6, ''),
('NICCOLò', 'TOSI', 13, 'venerdi 6 marzo'),
('NICCOLò', 'TOSI', 15, ''),
('NICCOLò', 'TOSI', 19, ''),
('NICCOLò', 'VIGNOZZI', 2, ''),
('NICCOLò', 'VIGNOZZI', 4, ''),
('NICCOLò', 'VIGNOZZI', 15, ''),
('NICCOLò', 'VIGNOZZI', 19, ''),
('NICCOLò', 'VOLPI', 11, 'sabato 7 marzo'),
('NICCOLò', 'VOLPI', 11, 'venerdi 6 marzo'),
('NICCOLó', 'COLANGELO', 11, 'venerdi 6 marzo'),
('NICCOLó', 'MARIOTTI ', 10, 'venerdi 6 marzo'),
('NOEMI', 'BENEVENTO ', 6, ''),
('NOEMI', 'BENEVENTO ', 19, ''),
('NOEMI', 'BENEVENTO ', 25, ''),
('OMAR', 'EL HAYLANY', 11, 'venerdi 6 marzo'),
('PAOLO', 'COCCHI', 19, ''),
('PAOLO', 'LIMITI', 6, ''),
('PAOLO', 'LIMITI', 11, 'sabato 7 marzo'),
('PAOLO', 'LIMITI', 15, ''),
('PAOLO', 'LIMITI', 16, ''),
('PAOLO', 'LIMITI', 19, ''),
('PAOLO', 'LIMITI', 20, ''),
('PAOLO', 'LIMITI', 24, ''),
('PAOLO', 'LIMITI', 25, ''),
('PASQUALE', 'MARULLO', 19, ''),
('PIETRO', 'BIANCHI', 10, 'venerdi 6 marzo'),
('PIETRO', 'MOSCARDI', 19, ''),
('RACHELE', 'DRAGO', 2, ''),
('RACHELE', 'DRAGO', 16, ''),
('RACHELE', 'DRAGO', 19, ''),
('RAFFAELE FRANCESCO', 'MENTINA', 11, 'venerdi 6 marzo'),
('RAMI', 'EL TAYYEB', 2, ''),
('RAMI', 'EL TAYYEB', 19, ''),
('REBECCA', 'MOSCARDI', 2, ''),
('REBECCA', 'MOSCARDI', 6, ''),
('REBECCA', 'MOSCARDI', 13, 'venerdi 6 marzo'),
('REBECCA', 'MOSCARDI', 16, ''),
('REBECCA', 'MOSCARDI', 19, ''),
('REBECCA', 'MOSCARDI', 25, ''),
('RENATA ', 'DURO', 6, ''),
('RENATA ', 'DURO ', 16, ''),
('RICCARDO', 'TEMPESTI', 2, ''),
('RICCARDO', 'TEMPESTI', 10, 'sabato 7 marzo'),
('RICCARDO', 'TEMPESTI', 19, ''),
('ROZALINA ', 'SAVCENCO ', 6, ''),
('ROZALINA', 'SAVCENCO', 16, ''),
('SAMI', 'EL', 2, ''),
('SAMI', 'EL', 8, ''),
('SAMI', 'EL', 15, ''),
('SAMI', 'EL', 16, ''),
('SAMI', 'EL', 19, ''),
('SAMI', 'EL', 24, ''),
('SAMOEL', 'GJUSHI', 10, 'sabato 7 marzo'),
('SAMOEL', 'GJUSHI', 10, 'venerdi 6 marzo'),
('SAMUELE', 'BASTIANELLII', 11, 'sabato 7 marzo'),
('SAMUELE', 'BASTIANELLII', 11, 'venerdi 6 marzo'),
('SAMUELE', 'BORDONI', 19, ''),
('SAMUELE ', 'CAPOBIANCO', 10, 'sabato 7 marzo'),
('SAMUELE ', 'CAPOBIANCO ', 12, 'venerdi 6 marzo'),
('SAMUELE ', 'FABBRIZZI', 19, ''),
('SAMUELE', 'MASSEI', 4, ''),
('SAMUELE', 'PIERAZZINI', 19, ''),
('SARA', 'BRASCHI', 19, ''),
('SARA ', 'CIANFERONI', 4, ''),
('SARA ', 'CIANFERONI ', 19, ''),
('SILVIU', 'VATAMANELU', 11, 'venerdi 6 marzo'),
('SIMONE', 'BARNI', 10, 'venerdi 6 marzo'),
('SIMONE', 'FRIOUI', 10, 'sabato 7 marzo'),
('SIMONE', 'FRIOUI', 10, 'venerdi 6 marzo'),
('SIMONE', 'FRIOUI', 12, 'sabato 7 marzo'),
('SIMONE', 'MARTINO', 11, 'venerdi 6 marzo'),
('SIMONE ', 'RUSSO ', 11, 'venerdi 6 marzo'),
('SIMONE', 'SANTINI', 2, ''),
('SIMONE', 'SANTINI', 16, ''),
('SIMONE', 'SANTINI', 19, ''),
('SIMONE', 'SANTINI', 24, ''),
('SIMONE', 'SANTINI', 25, ''),
('SOFIA', 'BALDINI', 19, ''),
('SOFIA', 'BALDINI', 24, ''),
('SOFIA', 'BALDINI', 25, ''),
('SOFIA', 'CERRETELLI', 2, ''),
('SOFIA', 'CERRETELLI', 19, ''),
('SOFIA', 'MENDICINO', 11, 'sabato 7 marzo'),
('SOFIA', 'MENDICINO', 11, 'venerdi 6 marzo'),
('STILJAN ', 'SHEHU ', 19, ''),
('TABATA', 'MAGNI ', 19, ''),
('TASCINI', 'FRANCESCO', 10, 'venerdi 6 marzo'),
('TASCINI', 'FRANCESCO', 12, 'venerdi 6 marzo'),
('TASCINI', 'FRANCESCO', 19, ''),
('TOMMASO', 'BECAGLI', 11, 'venerdi 6 marzo'),
('TOMMASO', 'BINI', 4, ''),
('TOMMASO', 'BINI', 9, ''),
('TOMMASO', 'BOCCHICCHIO', 19, ''),
('TOMMASO', 'CASINI', 2, ''),
('TOMMASO', 'CASINI', 4, ''),
('TOMMASO', 'CASINI', 9, ''),
('TOMMASO', 'CASINI', 19, ''),
('TOMMASO', 'CAVICCHI', 12, 'venerdi 6 marzo'),
('TOMMASO', 'CAVICCHI', 19, ''),
('TOMMASO', 'FERNI', 19, ''),
('TOMMASO', 'GIANNNOTTA', 11, 'venerdi 6 marzo'),
('TOMMASO', 'GIUSTI', 11, 'venerdi 6 marzo'),
('TOMMASO', 'INNOCENTI', 19, ''),
('TOMMASO', 'INNOCENTI', 23, ''),
('TOMMASO', 'INNOCENTI', 24, ''),
('TOMMASO', 'INNOCENTI', 25, ''),
('TOMMASO', 'LUCIANO', 4, ''),
('TOMMASO', 'PACINI', 8, ''),
('TOMMASO', 'ROSSI', 2, ''),
('TOMMASO', 'ROSSI', 19, ''),
('TOMMASO', 'SCALI', 10, 'venerdi 6 marzo'),
('VALENTINA', 'MAZZONI', 2, ''),
('VALENTINA', 'MAZZONI', 4, ''),
('VICTOR', 'GUARDUCCI', 2, ''),
('VICTOR', 'GUARDUCCI', 19, ''),
('VIOLA ', 'AQUILINI', 25, ''),
('VITTORIA', 'RAFFAELLI ', 19, ''),
('VITTORIA', 'VACCARO', 19, ''),
('VITTORIA', 'VACCARO', 25, ''),
('VITTORIO ', 'ZHANG', 11, 'sabato 7 marzo'),
('VITTORIO', 'ZHANG', 11, 'venerdi 6 marzo'),
('VLAD ', 'MARDALE ', 19, ''),
('WILLIAM', 'KRIL', 4, ''),
('WILLIAM', 'KRIL', 12, 'venerdi 6 marzo'),
('WILLIAM', 'KRIL', 15, ''),
('XAVIER ', 'PACIFICO ', 19, ''),
('ZOE', 'BRUNI', 6, ''),
('ZOE', 'BRUNI', 16, ''),
('ZOE', 'BRUNI', 19, '');

-- --------------------------------------------------------

--
-- Struttura della tabella `Iscrizioni_6_7_marzo`
--

CREATE TABLE IF NOT EXISTS `Iscrizioni_6_7_marzo` (
  `nome` varchar(50) DEFAULT NULL,
  `data_scelta` varchar(30) NOT NULL DEFAULT '',
  `n_iscrizioni` bigint(21) NOT NULL DEFAULT '0',
  `portata` int(11) NOT NULL,
  `percentuale` int(11) NOT NULL
) ENGINE=MyISAM DEFAULT CHARSET=latin1;

--
-- Dump dei dati per la tabella `Iscrizioni_6_7_marzo`
--

INSERT INTO `Iscrizioni_6_7_marzo` (`nome`, `data_scelta`, `n_iscrizioni`, `portata`, `percentuale`) VALUES
('lezione sulla musica classica', '', 5, 30, 0),
('esposizione dei Motorini', '', 53, 400, 0),
('Lezione sullo Spazio e sul Tempo', '', 45, 80, 0),
('orizzonte ecologia: sul Cambiamento Climatico', '', 7, 30, 0),
('La questione femminile', '', 16, 30, 0),
('viaggio alla scoperta deI misteri della Colombia', '', 2, 30, 0),
('il calcio: la Storia Sociale, Politica ed Epica', '', 5, 30, 0),
('Lezione sul Medio Oriente', '', 12, 80, 0),
('torneo di videogiochi Super Smash Bros', 'sabato 7 marzo', 25, 30, 0),
('torneo di videogiochi Super Smash Bros', 'venerdi 6 marzo', 30, 30, 0),
('torneo di videogiochi L.O.L.', 'sabato 7 marzo', 17, 40, 0),
('torneo di videogiochi L.O.L.', 'venerdi 6 marzo', 42, 40, 0),
('torneo di videogiochi Mortal Kombat', 'sabato 7 marzo', 6, 30, 0),
('torneo di videogiochi Mortal Kombat', 'venerdi 6 marzo', 15, 30, 0),
('Lezione Teatro', 'sabato 7 marzo', 3, 30, 0),
('Lezione Teatro', 'venerdi 6 marzo', 6, 30, 0),
('Prato dal Cielo esposizione e volo droni', '', 21, 80, 0),
('Sfilata di moda', '', 30, 30, 0),
('It''s Tullio Show (Buzzi''s Got Talent)', '', 144, 400, 0),
('CineForum sul film Parasite', '', 3, 30, 0),
('dibattito sul tema BREXIT', '', 3, 30, 0),
('giochi da tavolo Luddissea 42', '', 4, 40, 0),
('Gara di outfit', '', 23, 30, 0),
('Torneo Just Dance ', '', 24, 30, 0);

/*!40101 SET CHARACTER_SET_CLIENT=@OLD_CHARACTER_SET_CLIENT */;
/*!40101 SET CHARACTER_SET_RESULTS=@OLD_CHARACTER_SET_RESULTS */;
/*!40101 SET COLLATION_CONNECTION=@OLD_COLLATION_CONNECTION */;
